brand,Date,sentiment_neg,sentiment_neu,sentiment_pos,week,year,sentiment_neg_perc,sentiment_pos_perc,polarity
Airbnb,2019-07-01,0.026720038777589654,0.8598898663147819,0.11338954805715203,27.0,2019.0,19.07,80.93,61.86000000000001
Airbnb,2019-07-08,0.024632605968763592,0.8542055962221647,0.121149199744884,28.0,2019.0,16.9,83.1,66.19999999999999
Airbnb,2019-07-15,0.024031234195510565,0.8607788074087058,0.11518258899251717,29.0,2019.0,17.26,82.74,65.47999999999999
Airbnb,2019-07-22,0.024584168082309853,0.8568007824376238,0.1186205414552471,30.0,2019.0,17.17,82.83,65.66
Airbnb,2019-07-29,0.02696507062809872,0.8514165285671152,0.12162179822783643,31.0,2019.0,18.15,81.85,63.699999999999996
Airbnb,2019-08-05,0.02802881950256672,0.8603763118679024,0.11159401887748578,32.0,2019.0,20.07,79.93,59.86000000000001
Airbnb,2019-08-12,0.024627788753248725,0.8512944798756336,0.12407685764702325,33.0,2019.0,16.56,83.44,66.88
Airbnb,2019-08-19,0.023063240097641543,0.8535676904093057,0.12336881974572333,34.0,2019.0,15.75,84.25,68.5
Airbnb,2019-08-26,0.027913447377462954,0.849699113666811,0.12238545677916138,35.0,2019.0,18.57,81.43,62.86000000000001
Airbnb,2019-09-02,0.02776956579393881,0.8460516741568901,0.12618427196785809,36.0,2019.0,18.04,81.96,63.919999999999995
Airbnb,2019-09-09,0.02307436059779244,0.8406074630082924,0.13631611278399097,37.0,2019.0,14.48,85.52,71.03999999999999
Airbnb,2019-09-16,0.02094672484292769,0.8631887292944221,0.1158655407526624,38.0,2019.0,15.31,84.69,69.38
Airbnb,2019-09-23,0.023300534708301922,0.860877368258695,0.11582015656410719,39.0,2019.0,16.75,83.25,66.5
Airbnb,2019-09-30,0.024032698292298874,0.8551460094842412,0.12082083914898833,40.0,2019.0,16.59,83.41,66.82
Airbnb,2019-10-07,0.028680191823813952,0.8501017314288074,0.12122471925387109,41.0,2019.0,19.13,80.87,61.74000000000001
Airbnb,2019-10-14,0.02798960042648058,0.8628728140407425,0.10914070319242145,42.0,2019.0,20.41,79.59,59.18000000000001
Airbnb,2019-10-21,0.02169700024792725,0.8534097227926479,0.12489173646354852,43.0,2019.0,14.8,85.2,70.4
Airbnb,2019-10-28,0.0644535053892962,0.8272549723573782,0.10829225165043559,44.0,2019.0,37.31,62.69,25.379999999999995
Airbnb,2019-11-04,0.05577435270947045,0.8395490373194031,0.10467314986751894,45.0,2019.0,34.76,65.24,30.479999999999997
Airbnb,2019-11-11,0.033515692030458996,0.8430081890351951,0.12346838981553747,46.0,2019.0,21.35,78.65,57.300000000000004
Airbnb,2019-11-18,0.031121125782304644,0.8504571473323859,0.11841835155748816,47.0,2019.0,20.81,79.19,58.379999999999995
Airbnb,2019-11-25,0.02614715768685003,0.8367416432967921,0.1371003537211958,48.0,2019.0,16.02,83.98,67.96000000000001
Airbnb,2019-12-02,0.023873617502843995,0.8405666913591773,0.13555730047168396,49.0,2019.0,14.97,85.03,70.06
Airbnb,2019-12-09,0.020722937780703738,0.8602434853214466,0.1190341669482599,50.0,2019.0,14.83,85.17,70.34
Airbnb,2019-12-16,0.025310884059721088,0.8575967853281137,0.11709380166920073,51.0,2019.0,17.77,82.23,64.46000000000001
Airbnb,2019-12-23,0.020896543865625623,0.8575513943811751,0.1215514387739484,52.0,2019.0,14.67,85.33,70.66
Airbnb,2019-12-30,0.027934036107212797,0.8574369875035892,0.11463246720267503,1.0,2019.7142857142858,19.59,80.41,60.81999999999999
Airbnb,2020-01-06,0.021335637652446726,0.8676355700376269,0.1110218602049351,2.0,2020.0,16.12,83.88,67.75999999999999
Airbnb,2020-01-13,0.019950582329175872,0.8692630995087776,0.11078913901273732,3.0,2020.0,15.26,84.74,69.47999999999999
Airbnb,2020-01-20,0.020664622437434964,0.8685422343184205,0.11079182044090585,4.0,2020.0,15.72,84.28,68.56
Airbnb,2020-01-27,0.022574383698580922,0.8639502917647147,0.1134696314344809,5.0,2020.0,16.59,83.41,66.82
Airbnb,2020-02-03,0.03162075292545563,0.860190534708156,0.1081856930826276,6.0,2020.0,22.62,77.38,54.75999999999999
Airbnb,2020-02-10,0.03384683334565483,0.8653800146395121,0.10077247430318015,7.0,2020.0,25.14,74.86,49.72
Airbnb,2020-02-17,0.02334403015459244,0.8685195823767898,0.10813160246689589,8.0,2020.0,17.76,82.24,64.47999999999999
Airbnb,2020-02-24,0.026546684129190114,0.8650228803050266,0.10843541146866739,9.0,2020.0,19.67,80.33,60.66
Airbnb,2020-03-02,0.032544258958915294,0.8588146323586242,0.10864735253135446,10.0,2020.0,23.05,76.95,53.900000000000006
Airbnb,2020-03-09,0.047331322820563286,0.84729003138807,0.10539042899137696,11.0,2020.0,30.99,69.01,38.02000000000001
Airbnb,2020-03-16,0.05354401875708713,0.8533276387229519,0.0931321817872904,12.0,2020.0,36.5,63.5,27.0
Airbnb,2020-03-23,0.052117549758450885,0.8498490733008639,0.09802661219957573,13.0,2020.0,34.71,65.29,30.580000000000005
Airbnb,2020-03-30,0.05712570009621393,0.8331364300459451,0.10974129733848212,14.0,2020.0,34.23,65.77,31.54
Airbnb,2020-04-06,0.05429410032297558,0.8608832080261856,0.08482116855128485,15.0,2020.0,39.03,60.97,21.939999999999998
Airbnb,2020-04-13,0.042541320533684465,0.8553963527177106,0.1020596620884551,16.0,2020.0,29.42,70.58,41.16
Airbnb,2020-04-20,0.03736855391878284,0.8523064149440599,0.11031096805805085,17.0,2020.0,25.3,74.7,49.400000000000006
Airbnb,2020-04-27,0.043170037085003825,0.8493500815785541,0.10746070396592747,18.0,2020.0,28.66,71.34,42.68000000000001
Airbnb,2020-05-04,0.042241624531639155,0.8606287708795615,0.09712501780830844,19.0,2020.0,30.31,69.69,39.379999999999995
Airbnb,2020-05-11,0.033427648578797924,0.8543237909532759,0.11224393896374156,20.0,2020.0,22.95,77.05,54.099999999999994
Airbnb,2020-05-18,0.03225334735545915,0.8412067293056307,0.12653394153905878,21.0,2020.0,20.31,79.69,59.379999999999995
Airbnb,2020-05-25,0.028462287422254793,0.8645968358396395,0.10693683027449187,22.0,2020.0,21.02,78.98,57.96000000000001
Airbnb,2020-06-01,0.029156312490939158,0.8411063668794408,0.1297409504643082,23.0,2020.0,18.35,81.65,63.300000000000004
Airbnb,2020-06-08,0.03234202474281977,0.8564489423852886,0.11119910841571444,24.0,2020.0,22.53,77.47,54.94
Airbnb,2020-06-15,0.03738814437896232,0.8311668388228316,0.13144040952552713,25.0,2020.0,22.15,77.85,55.699999999999996
Airbnb,2020-06-22,0.034326861929980315,0.849321854503294,0.11634842306344632,26.0,2020.0,22.78,77.22,54.44
Airbnb,2020-06-29,0.03139273846228113,0.8335139459440539,0.13508772973467825,27.0,2020.0,18.86,81.14,62.28
Airbnb,2020-07-06,0.023754924781386515,0.8370971309128106,0.13915285429285412,28.0,2020.0,14.58,85.42,70.84
Airbnb,2020-07-13,0.030619940317583492,0.8404118661486779,0.1289754102268976,29.0,2020.0,19.19,80.81,61.620000000000005
Airbnb,2020-07-20,0.03592954473946591,0.8522545426519893,0.11181308830898103,30.0,2020.0,24.32,75.68,51.36000000000001
Airbnb,2020-07-27,0.037573867166493545,0.8492512438924822,0.11317207957601598,31.0,2020.0,24.93,75.07,50.13999999999999
Airbnb,2020-08-03,0.031994702474881516,0.8402905511247346,0.12772205998328717,32.0,2020.0,20.03,79.97,59.94
Airbnb,2020-08-10,0.03474489753048884,0.827141767551992,0.13811394795143572,33.0,2020.0,20.1,79.9,59.800000000000004
Airbnb,2020-08-17,0.045737861080761714,0.8378337340901523,0.11643409626195574,34.0,2020.0,28.2,71.8,43.599999999999994
Airbnb,2020-08-24,0.03270018344212822,0.8313052994822782,0.13600687357273814,35.0,2020.0,19.38,80.62,61.24000000000001
Airbnb,2020-08-31,0.05368461487187085,0.8248558087682968,0.12146061271401362,36.0,2020.0,30.65,69.35,38.699999999999996
Airbnb,2020-09-07,0.025787914026517093,0.8620150795460432,0.11219382314295696,37.0,2020.0,18.69,81.31,62.620000000000005
Airbnb,2020-09-14,0.022304936059100167,0.8813593402681114,0.09633618489544048,38.0,2020.0,18.8,81.2,62.400000000000006
Airbnb,2020-09-21,0.0229536071926368,0.8942703898844467,0.08277524730759767,39.0,2020.0,21.71,78.29,56.580000000000005
Airbnb,2020-09-28,0.021036141925055783,0.8866401156980025,0.09232801834261116,40.0,2020.0,18.56,81.44,62.879999999999995
Airbnb,2020-10-05,0.021798824000772914,0.8412052833178623,0.13699768307197435,41.0,2020.0,13.73,86.27,72.53999999999999
Airbnb,2020-10-12,0.024807170784778565,0.8513406145888213,0.12384623911627492,42.0,2020.0,16.69,83.31,66.62
Airbnb,2020-10-19,0.01970214099249085,0.8812623486016378,0.09903291606754773,43.0,2020.0,16.59,83.41,66.82
Airbnb,2020-10-26,0.03046960797108435,0.8394945906856769,0.13004486735764448,44.0,2020.0,18.98,81.02,62.03999999999999
Apple,2019-07-01,0.027914184886821715,0.8760989768057771,0.0959841499525219,27.0,2019.0,22.53,77.47,54.94
Apple,2019-07-08,0.029449069910928556,0.8781091240633063,0.09244226173752432,28.0,2019.0,24.16,75.84,51.68000000000001
Apple,2019-07-15,0.025435622696127137,0.8649649864036181,0.10959852706536657,29.0,2019.0,18.84,81.16,62.31999999999999
Apple,2019-07-22,0.023617900549932746,0.8699901288619711,0.10639149733212429,30.0,2019.0,18.17,81.83,63.66
Apple,2019-07-29,0.02726740919952721,0.8734205347710884,0.09931212913887356,31.0,2019.0,21.54,78.46,56.919999999999995
Apple,2019-08-05,0.030367024601740376,0.8676215004172487,0.10201294549039915,32.0,2019.0,22.94,77.06,54.120000000000005
Apple,2019-08-12,0.029110181074737035,0.860692012371555,0.1101997738400973,33.0,2019.0,20.9,79.1,58.199999999999996
Apple,2019-08-19,0.031904053400355986,0.8756957890130315,0.09240328705932498,34.0,2019.0,25.67,74.33,48.66
Apple,2019-08-26,0.031378186886976085,0.874891699868469,0.09373400410317745,35.0,2019.0,25.08,74.92,49.84
Apple,2019-09-02,0.031172195575359336,0.8787562750280082,0.09006834754382378,36.0,2019.0,25.71,74.29,48.580000000000005
Apple,2019-09-09,0.0301145605961371,0.8811611476141609,0.08872161149608328,37.0,2019.0,25.34,74.66,49.31999999999999
Apple,2019-09-16,0.027115581988386823,0.8755174093683694,0.09736546501147421,38.0,2019.0,21.78,78.22,56.44
Apple,2019-09-23,0.02691102271747554,0.8682106881104995,0.10488039497620037,39.0,2019.0,20.42,79.58,59.16
Apple,2019-09-30,0.02930162741944775,0.8663775102641663,0.104319391633249,40.0,2019.0,21.93,78.07,56.13999999999999
Apple,2019-10-07,0.03630741185141532,0.843289801617612,0.12040163899203127,41.0,2019.0,23.17,76.83,53.66
Apple,2019-10-14,0.03005941879331796,0.8621225348630143,0.10782017095747143,42.0,2019.0,21.8,78.2,56.400000000000006
Apple,2019-10-21,0.03038080688974726,0.8623333267843057,0.10728702266631913,43.0,2019.0,22.07,77.93,55.86000000000001
Apple,2019-10-28,0.03015349367610611,0.8661141181846623,0.10373606305842668,44.0,2019.0,22.52,77.48,54.96000000000001
Apple,2019-11-04,0.030535072797616036,0.8653697347891043,0.10409497149553001,45.0,2019.0,22.68,77.32,54.63999999999999
Apple,2019-11-11,0.028301440187645754,0.8666444662150451,0.10505346258797614,46.0,2019.0,21.22,78.78,57.56
Apple,2019-11-18,0.029805652719910723,0.8674803842573382,0.10271066975461884,47.0,2019.0,22.49,77.51,55.02000000000001
Apple,2019-11-25,0.03336140370187991,0.8619515711294269,0.10469481609840262,48.0,2019.0,24.17,75.83,51.66
Apple,2019-12-02,0.029434150671776144,0.867352042427614,0.10321232602260823,49.0,2019.0,22.19,77.81,55.620000000000005
Apple,2019-12-09,0.030649373113697927,0.8698403044008872,0.09951543810967599,50.0,2019.0,23.55,76.45,52.900000000000006
Apple,2019-12-16,0.028483953692088056,0.8657443809262605,0.10576676159479773,51.0,2019.0,21.22,78.78,57.56
Apple,2019-12-23,0.0266828289925125,0.8693908874656294,0.10391880220643819,52.0,2019.0,20.43,79.57,59.13999999999999
Apple,2019-12-30,0.029199332984158936,0.8747695198444149,0.09603003736347406,1.0,2019.7142857142858,23.32,76.68,53.36000000000001
Apple,2020-01-06,0.032434356472284605,0.8709365416115562,0.0966243587609921,2.0,2020.0,25.13,74.87,49.74000000000001
Apple,2020-01-13,0.03257819530572365,0.8724509158789516,0.09497164809230295,3.0,2020.0,25.54,74.46,48.919999999999995
Apple,2020-01-20,0.029726718703931232,0.8743188473466477,0.09595438324886156,4.0,2020.0,23.65,76.35,52.699999999999996
Apple,2020-01-27,0.032914427480356605,0.8731348614034218,0.09395178413727442,5.0,2020.0,25.94,74.06,48.120000000000005
Apple,2020-02-03,0.027445483155370987,0.8823229546986147,0.09023009688035123,6.0,2020.0,23.32,76.68,53.36000000000001
Apple,2020-02-10,0.026424014179392132,0.8771069754993167,0.09646882489224348,7.0,2020.0,21.5,78.5,57.0
Apple,2020-02-17,0.03290717557102728,0.8778254277653703,0.0892682998234344,8.0,2020.0,26.93,73.07,46.13999999999999
Apple,2020-02-24,0.027054621769834874,0.8741290569362421,0.09881660261656378,9.0,2020.0,21.49,78.51,57.02000000000001
Apple,2020-03-02,0.029911508098153988,0.8823545629770954,0.087739602012963,10.0,2020.0,25.42,74.58,49.16
Apple,2020-03-09,0.02392795730685987,0.8828515362498635,0.0932203490892529,11.0,2020.0,20.43,79.57,59.13999999999999
Apple,2020-03-16,0.023068333951195126,0.8856256332788731,0.09131152815244561,12.0,2020.0,20.17,79.83,59.66
Apple,2020-03-23,0.02591929547345718,0.8817913966421305,0.09229058347807759,13.0,2020.0,21.93,78.07,56.13999999999999
Apple,2020-03-30,0.026559286145646947,0.8767146006861395,0.09672802623372549,14.0,2020.0,21.54,78.46,56.919999999999995
Apple,2020-04-06,0.026532274112871245,0.8809419192522479,0.0925263034263464,15.0,2020.0,22.29,77.71,55.419999999999995
Apple,2020-04-13,0.025027831210356656,0.8870754323248458,0.08789551446725405,16.0,2020.0,22.16,77.84,55.68000000000001
Apple,2020-04-20,0.0289737099938774,0.8815374811788403,0.08948360911846434,17.0,2020.0,24.46,75.54,51.080000000000005
Apple,2020-04-27,0.02872543407208176,0.8774381791523082,0.09383093197840818,18.0,2020.0,23.44,76.56,53.120000000000005
Apple,2020-05-04,0.02689359824677704,0.8800932825134042,0.09301117368968667,19.0,2020.0,22.43,77.57,55.13999999999999
Apple,2020-05-11,0.029322168488880862,0.8712337469074788,0.09944289753980133,20.0,2020.0,22.77,77.23,54.46000000000001
Apple,2020-05-18,0.02971537052698366,0.8719185635736615,0.09836620550751982,21.0,2020.0,23.2,76.8,53.599999999999994
Apple,2020-05-25,0.02855076817931417,0.8753069247819912,0.09614047255213,22.0,2020.0,22.9,77.1,54.199999999999996
Apple,2020-06-01,0.031925346398910585,0.8729584618249148,0.09511325755015612,23.0,2020.0,25.13,74.87,49.74000000000001
Apple,2020-06-08,0.02677994335504011,0.8775273042883134,0.09569110804133425,24.0,2020.0,21.87,78.13,56.25999999999999
Apple,2020-06-15,0.030742920100871242,0.8783479754136075,0.09091567591655651,25.0,2020.0,25.27,74.73,49.46000000000001
Apple,2020-06-22,0.026128615413249505,0.8797728543088713,0.09410767295722804,26.0,2020.0,21.73,78.27,56.53999999999999
Apple,2020-06-29,0.028102667382799235,0.8762862868722558,0.09562142215113216,27.0,2020.0,22.71,77.29,54.580000000000005
Apple,2020-07-06,0.026439795211427718,0.8812171224131513,0.09234888892902458,28.0,2020.0,22.26,77.74,55.47999999999999
Apple,2020-07-13,0.0336069810567808,0.8732384901552462,0.09315541291186666,29.0,2020.0,26.51,73.49,46.97999999999999
Apple,2020-07-20,0.02725238366948667,0.8751028427274951,0.09764352020662768,30.0,2020.0,21.82,78.18,56.36000000000001
Apple,2020-07-27,0.02769395754438984,0.8758997792769133,0.09640901759294995,31.0,2020.0,22.32,77.68,55.36000000000001
Apple,2020-08-03,0.03269068079637906,0.8771620764854119,0.09014861384148846,32.0,2020.0,26.61,73.39,46.78
Apple,2020-08-10,0.038297053931969104,0.8725238986704786,0.08917531690979223,33.0,2020.0,30.04,69.96,39.919999999999995
Apple,2020-08-17,0.03388523801656943,0.8714294681306105,0.09468483804317997,34.0,2020.0,26.36,73.64,47.28
Apple,2020-08-24,0.03291150612996504,0.874059396806863,0.09302588950966208,35.0,2020.0,26.13,73.87,47.74000000000001
Apple,2020-08-31,0.028673890345393225,0.8739207129699137,0.09740310398868579,36.0,2020.0,22.74,77.26,54.52000000000001
Apple,2020-09-07,0.02683724206578254,0.8805833296588679,0.09257925521385871,37.0,2020.0,22.47,77.53,55.06
Apple,2020-09-14,0.028591189841213543,0.8749607137255602,0.09644783156315921,38.0,2020.0,22.87,77.13,54.25999999999999
Apple,2020-09-21,0.028525851084869876,0.8737999708524823,0.09767468734600213,39.0,2020.0,22.6,77.4,54.800000000000004
Apple,2020-09-28,0.0286427226308693,0.873724195844946,0.09763346999532008,40.0,2020.0,22.68,77.32,54.63999999999999
Apple,2020-10-05,0.030068405922026715,0.8731886271222854,0.09674377507172971,41.0,2020.0,23.71,76.29,52.580000000000005
Apple,2020-10-12,0.02713943049381837,0.8714008084541855,0.10145771342919684,42.0,2020.0,21.1,78.9,57.800000000000004
Apple,2020-10-19,0.026069294777832628,0.8695945582603904,0.1043356416483661,43.0,2020.0,19.99,80.01,60.02000000000001
Apple,2020-10-26,0.02972878337174149,0.8747717198411301,0.0954973034938043,44.0,2020.0,23.74,76.26,52.52000000000001
Coca-Cola,2019-07-01,0.02835935384800014,0.8528583356690763,0.1187714195438762,27.0,2019.0,19.27,80.73,61.46000000000001
Coca-Cola,2019-07-08,0.025364935276638988,0.8646795908587375,0.10996329593582678,28.0,2019.0,18.74,81.26,62.52000000000001
Coca-Cola,2019-07-15,0.025945137264391925,0.8523980370250868,0.12165890363259928,29.0,2019.0,17.58,82.42,64.84
Coca-Cola,2019-07-22,0.020773562444915773,0.8516432065259492,0.12757146391054439,30.0,2019.0,14.0,86.0,72.0
Coca-Cola,2019-07-29,0.024654912915275433,0.861738392410321,0.11361479201084583,31.0,2019.0,17.83,82.17,64.34
Coca-Cola,2019-08-05,0.03290885838471909,0.8501016468462278,0.11700799904117089,32.0,2019.0,21.95,78.05,56.099999999999994
Coca-Cola,2019-08-12,0.024205302743866702,0.8747107747785382,0.10107568636791038,33.0,2019.0,19.32,80.68,61.36000000000001
Coca-Cola,2019-08-19,0.022587903602875863,0.8944166888321579,0.08299453953560372,34.0,2019.0,21.39,78.61,57.22
Coca-Cola,2019-08-26,0.022448408838678467,0.9157176344957562,0.061838661835788525,35.0,2019.0,26.63,73.37,46.74000000000001
Coca-Cola,2019-09-02,0.02008636694216,0.9152540060185005,0.06465093663121166,36.0,2019.0,23.7,76.3,52.599999999999994
Coca-Cola,2019-09-09,0.02364142175707996,0.8572620245343492,0.11908968407218008,37.0,2019.0,16.56,83.44,66.88
Coca-Cola,2019-09-16,0.023123414686413952,0.8754432924904002,0.10144095654272713,38.0,2019.0,18.56,81.44,62.879999999999995
Coca-Cola,2019-09-23,0.02540124927073179,0.8502399080994013,0.12437329879584184,39.0,2019.0,16.96,83.04,66.08000000000001
Coca-Cola,2019-09-30,0.023040597143400437,0.8701364463287048,0.10682237471974956,40.0,2019.0,17.74,82.26,64.52000000000001
Coca-Cola,2019-10-07,0.02694492018221031,0.8498222348757611,0.12323596720038374,41.0,2019.0,17.94,82.06,64.12
Coca-Cola,2019-10-14,0.031675288990855054,0.8505469823952183,0.1177800424509858,42.0,2019.0,21.19,78.81,57.620000000000005
Coca-Cola,2019-10-21,0.03761850030127584,0.8485515127103473,0.11384642769816526,43.0,2019.0,24.84,75.16,50.31999999999999
Coca-Cola,2019-10-28,0.039884432820141966,0.8490324080303742,0.11108741295702239,44.0,2019.0,26.42,73.58,47.16
Coca-Cola,2019-11-04,0.042703436914856896,0.8567811226784076,0.10051760551941998,45.0,2019.0,29.82,70.18,40.36000000000001
Coca-Cola,2019-11-11,0.03196308429979386,0.8679420993040202,0.10009101663829098,46.0,2019.0,24.2,75.8,51.599999999999994
Coca-Cola,2019-11-18,0.02925785768246944,0.8671825206830565,0.1035621687960896,47.0,2019.0,22.03,77.97,55.94
Coca-Cola,2019-11-25,0.02508507408249891,0.8660662391677378,0.1088524840987987,48.0,2019.0,18.73,81.27,62.53999999999999
Coca-Cola,2019-12-02,0.02851860985491217,0.8552657764347129,0.11622928923154949,49.0,2019.0,19.7,80.3,60.599999999999994
Coca-Cola,2019-12-09,0.03678155791738358,0.854077445689332,0.10914135489261076,50.0,2019.0,25.21,74.79,49.580000000000005
Coca-Cola,2019-12-16,0.026005348867704503,0.8541267680812933,0.11985902718390018,51.0,2019.0,17.83,82.17,64.34
Coca-Cola,2019-12-23,0.024987323883047665,0.8502616241596703,0.12473536144566567,52.0,2019.0,16.69,83.31,66.62
Coca-Cola,2019-12-30,0.022932374665816355,0.8686885348380289,0.1083678686002346,1.0,2019.7142857142858,17.47,82.53,65.06
Coca-Cola,2020-01-06,0.025621250852538302,0.8725298507506197,0.10184436954670228,2.0,2020.0,20.1,79.9,59.800000000000004
Coca-Cola,2020-01-13,0.028551250838329066,0.8686418211012443,0.10282251406489526,3.0,2020.0,21.73,78.27,56.53999999999999
Coca-Cola,2020-01-20,0.04652334775965334,0.8578019639300921,0.09567074875687398,4.0,2020.0,32.72,67.28,34.56
Coca-Cola,2020-01-27,0.0363586163770429,0.8632313102704469,0.10040700587401177,5.0,2020.0,26.58,73.42,46.84
Coca-Cola,2020-02-03,0.027462494185298593,0.8470513249297511,0.12549024334626876,6.0,2020.0,17.95,82.05,64.1
Coca-Cola,2020-02-10,0.028934165200937008,0.860263936005715,0.11083101690166759,7.0,2020.0,20.7,79.3,58.599999999999994
Coca-Cola,2020-02-17,0.02805569816859324,0.8624910032672568,0.1094522072437478,8.0,2020.0,20.4,79.6,59.199999999999996
Coca-Cola,2020-02-24,0.026058628837560383,0.870448423824875,0.10350694151980895,9.0,2020.0,20.11,79.89,59.78
Coca-Cola,2020-03-02,0.028034479330709374,0.8662679250005777,0.10570914376973477,10.0,2020.0,20.96,79.04,58.080000000000005
Coca-Cola,2020-03-09,0.03825522690278336,0.8463317566716145,0.1154222893702876,11.0,2020.0,24.89,75.11,50.22
Coca-Cola,2020-03-16,0.02912974026456797,0.859561177624836,0.11132050096385158,12.0,2020.0,20.74,79.26,58.52000000000001
Coca-Cola,2020-03-23,0.03327928473719645,0.8579726612953005,0.10876146800943519,13.0,2020.0,23.43,76.57,53.13999999999999
Coca-Cola,2020-03-30,0.03223921550893659,0.8700020009968202,0.09773810153411414,14.0,2020.0,24.8,75.2,50.400000000000006
Coca-Cola,2020-04-06,0.03238280195326313,0.854506497078057,0.11308673972143395,15.0,2020.0,22.26,77.74,55.47999999999999
Coca-Cola,2020-04-13,0.022506541584375685,0.8688968394840325,0.10859636054421769,16.0,2020.0,17.17,82.83,65.66
Coca-Cola,2020-04-20,0.033648102299897585,0.8671989609412867,0.09914483989149327,17.0,2020.0,25.34,74.66,49.31999999999999
Coca-Cola,2020-04-27,0.03353178226822452,0.8507972410513421,0.11566914732642267,18.0,2020.0,22.47,77.53,55.06
Coca-Cola,2020-05-04,0.02098383144385229,0.8531672969716702,0.12585297909208262,19.0,2020.0,14.29,85.71,71.41999999999999
Coca-Cola,2020-05-11,0.024193520683256982,0.8656125822548297,0.110191830471787,20.0,2020.0,18.0,82.0,64.0
Coca-Cola,2020-05-18,0.020595628012973138,0.8649204741631671,0.11447051628213743,21.0,2020.0,15.25,84.75,69.5
Coca-Cola,2020-05-25,0.02902061577484875,0.8365311811489612,0.13444508566440275,22.0,2020.0,17.75,82.25,64.5
Coca-Cola,2020-06-01,0.02159466008795648,0.8782927229376538,0.10011832385484302,23.0,2020.0,17.74,82.26,64.52000000000001
Coca-Cola,2020-06-08,0.034309652314792306,0.8581116199082736,0.10756942778217139,24.0,2020.0,24.18,75.82,51.63999999999999
Coca-Cola,2020-06-15,0.0341458698059186,0.8499176963060958,0.11594116088987778,25.0,2020.0,22.75,77.25,54.5
Coca-Cola,2020-06-22,0.04232212157616382,0.8636887968842197,0.09400195194363561,26.0,2020.0,31.05,68.95,37.900000000000006
Coca-Cola,2020-06-29,0.041870523188837924,0.8485537028413173,0.1095737734294197,27.0,2020.0,27.65,72.35,44.699999999999996
Coca-Cola,2020-07-06,0.02587648257678275,0.8660685373445443,0.10805004133886982,28.0,2020.0,19.32,80.68,61.36000000000001
Coca-Cola,2020-07-13,0.022295544284102468,0.8632022049307587,0.11450182824417597,29.0,2020.0,16.3,83.7,67.4
Coca-Cola,2020-07-20,0.030934456375197046,0.8674052042840926,0.10166466834503925,30.0,2020.0,23.33,76.67,53.34
Coca-Cola,2020-07-27,0.033965402201590326,0.8633712653061186,0.10267206167112938,31.0,2020.0,24.86,75.14,50.28
Coca-Cola,2020-08-03,0.027059365318725496,0.8798209937345657,0.09312133847711189,32.0,2020.0,22.52,77.48,54.96000000000001
Coca-Cola,2020-08-10,0.03345271552128888,0.8680867708508687,0.0984580088415596,33.0,2020.0,25.36,74.64,49.28
Coca-Cola,2020-08-17,0.02164591769185033,0.8641543106088017,0.11420810978982905,34.0,2020.0,15.93,84.07,68.13999999999999
Coca-Cola,2020-08-24,0.026820280590200956,0.8642598921491792,0.10891141336719042,35.0,2020.0,19.76,80.24,60.47999999999999
Coca-Cola,2020-08-31,0.022953648988151467,0.8780148852281734,0.09901592292837767,36.0,2020.0,18.82,81.18,62.36000000000001
Coca-Cola,2020-09-07,0.02831175225486319,0.8762858912971689,0.0954078159224465,37.0,2020.0,22.88,77.12,54.24000000000001
Coca-Cola,2020-09-14,0.03355513007448759,0.8678339807169201,0.09860900385716434,38.0,2020.0,25.39,74.61,49.22
Coca-Cola,2020-09-21,0.03188328917947253,0.8596752306590083,0.1084417077802704,39.0,2020.0,22.72,77.28,54.56
Coca-Cola,2020-09-28,0.025874890954461067,0.8672877849075752,0.10685118871794852,40.0,2020.0,19.49,80.51,61.02000000000001
Coca-Cola,2020-10-05,0.02291490957511132,0.8623833511917074,0.11470584206100551,41.0,2020.0,16.65,83.35,66.69999999999999
Coca-Cola,2020-10-12,0.028007402738882997,0.8777109225453213,0.0942804048584207,42.0,2020.0,22.9,77.1,54.199999999999996
Coca-Cola,2020-10-19,0.03321091770499814,0.8515606049684169,0.11522299349198639,43.0,2020.0,22.37,77.63,55.25999999999999
Coca-Cola,2020-10-26,0.03889768386900215,0.865142176224025,0.09596661919228971,44.0,2020.0,28.84,71.16,42.31999999999999
HM,2019-07-01,0.00838616553418044,0.7516062833055758,0.24000780384747808,27.0,2019.0,3.38,96.62,93.24000000000001
HM,2019-07-08,0.005772793550886362,0.7402688838335515,0.2539593078372371,28.0,2019.0,2.22,97.78,95.56
HM,2019-07-15,0.007338849335401993,0.7345147072654797,0.2581388603142987,29.0,2019.0,2.76,97.24,94.47999999999999
HM,2019-07-22,0.0071799125199688224,0.7484636555362061,0.24435541673840705,30.0,2019.0,2.85,97.15,94.30000000000001
HM,2019-07-29,0.00884265784230023,0.746451731729535,0.24470884882556934,31.0,2019.0,3.49,96.51,93.02000000000001
HM,2019-08-05,0.007794998987747157,0.7429984986468385,0.24920810079666336,32.0,2019.0,3.03,96.97,93.94
HM,2019-08-12,0.009505453047506779,0.7438882642901868,0.2466150863825253,33.0,2019.0,3.71,96.29,92.58000000000001
HM,2019-08-19,0.00682531644547482,0.7511450564575328,0.24203204339322823,34.0,2019.0,2.74,97.26,94.52000000000001
HM,2019-08-26,0.008421311302815208,0.7511800598519021,0.24039731346721668,35.0,2019.0,3.38,96.62,93.24000000000001
HM,2019-09-02,0.009169700301613,0.7440252159310339,0.2468085418256278,36.0,2019.0,3.58,96.42,92.84
HM,2019-09-09,0.009282442726373309,0.7397496035534712,0.2509669059734354,37.0,2019.0,3.57,96.43,92.86000000000001
HM,2019-09-16,0.014240825301499309,0.7487610027835085,0.23699925344309478,38.0,2019.0,5.67,94.33,88.66
HM,2019-09-23,0.0078832507200343,0.7437643105268767,0.24835271997431757,39.0,2019.0,3.08,96.92,93.84
HM,2019-09-30,0.007656698932539006,0.7454931680407034,0.24685141293647161,40.0,2019.0,3.01,96.99,93.97999999999999
HM,2019-10-07,0.008618604744051689,0.7384896472540501,0.2528927003828506,41.0,2019.0,3.3,96.7,93.4
HM,2019-10-14,0.006142790110490094,0.7459993446463743,0.24785577425878322,42.0,2019.0,2.42,97.58,95.16
HM,2019-10-21,0.005720751567918534,0.7323918689424588,0.26188588562355103,43.0,2019.0,2.14,97.86,95.72
HM,2019-10-28,0.008194589886899679,0.7394543163523641,0.2523509673944002,44.0,2019.0,3.15,96.85,93.69999999999999
HM,2019-11-04,0.010529536984591277,0.7922967567662845,0.1971764074340914,45.0,2019.0,5.07,94.93,89.86000000000001
HM,2019-11-11,0.016629489551139607,0.8680858633027678,0.11527985693213456,46.0,2019.0,12.61,87.39,74.78
HM,2019-11-18,0.01816556819531975,0.8413433673251065,0.14047869124204526,47.0,2019.0,11.45,88.55,77.1
HM,2019-11-25,0.032881012017403836,0.8299321141359328,0.1371854118583593,48.0,2019.0,19.33,80.67,61.34
HM,2019-12-02,0.02396183555976533,0.8402215275479916,0.1358032136658096,49.0,2019.0,15.0,85.0,70.0
HM,2019-12-09,0.030709124874164048,0.8406091410865484,0.12867334683825332,50.0,2019.0,19.27,80.73,61.46000000000001
HM,2019-12-16,0.04179013691836845,0.8437756355972518,0.11443584031246826,51.0,2019.0,26.75,73.25,46.5
HM,2019-12-23,0.026839228707701033,0.8636258744772854,0.10952161095582459,52.0,2019.0,19.68,80.32,60.63999999999999
HM,2019-12-30,0.0425741301735625,0.8258614038905997,0.1315220567031942,1.0,2019.7142857142858,24.45,75.55,51.099999999999994
HM,2020-01-06,0.03692800840145328,0.858688112693762,0.10440081052374842,2.0,2020.0,26.13,73.87,47.74000000000001
HM,2020-01-13,0.02907644262388889,0.8451149103093437,0.12580367770171086,3.0,2020.0,18.77,81.23,62.46000000000001
HM,2020-01-20,0.024795741716719975,0.7956344703854591,0.17957453517539548,4.0,2020.0,12.13,87.87,75.74000000000001
HM,2020-01-27,0.01035819283983134,0.741391983966997,0.24825416111277443,5.0,2020.0,4.01,95.99,91.97999999999999
HM,2020-02-03,0.006426733270476184,0.7424171586761422,0.2511649083722714,6.0,2020.0,2.49,97.51,95.02000000000001
HM,2020-02-10,0.00837068919955238,0.738171758469883,0.2534574798352767,7.0,2020.0,3.2,96.8,93.6
HM,2020-02-17,0.010122933373724417,0.7432792813972144,0.24659492633757776,8.0,2020.0,3.94,96.06,92.12
HM,2020-02-24,0.017463142282726055,0.7452094942961599,0.23732321249877625,9.0,2020.0,6.85,93.15,86.30000000000001
HM,2020-03-02,0.009703639063940181,0.7417619177417778,0.2485327811679543,10.0,2020.0,3.76,96.24,92.47999999999999
HM,2020-03-09,0.010509219920365406,0.7423079441226982,0.24718695225410064,11.0,2020.0,4.08,95.92,91.84
HM,2020-03-16,0.007123398020714452,0.7280839993616341,0.2647914406663844,12.0,2020.0,2.62,97.38,94.75999999999999
HM,2020-03-23,0.010422425577923718,0.7267491245989104,0.2628254341995153,13.0,2020.0,3.81,96.19,92.38
HM,2020-03-30,0.013471713134724183,0.7429604729603969,0.2435768524587103,14.0,2020.0,5.24,94.76,89.52000000000001
HM,2020-04-06,0.008970169269763652,0.7288613538764189,0.2621658167921698,15.0,2020.0,3.31,96.69,93.38
HM,2020-04-13,0.006832252127197029,0.7270170607014962,0.2661497681526095,16.0,2020.0,2.5,97.5,95.0
HM,2020-04-20,0.009424905715792357,0.7344337754767535,0.2561341250274568,17.0,2020.0,3.55,96.45,92.9
HM,2020-04-27,0.008010475355296214,0.7277486172689417,0.26423962928876976,18.0,2020.0,2.94,97.06,94.12
HM,2020-05-04,0.01520425746583261,0.7379743826746857,0.24681609833547058,19.0,2020.0,5.8,94.2,88.4
HM,2020-05-11,0.0071662450669415815,0.7320950954746547,0.26073541669888606,20.0,2020.0,2.67,97.33,94.66
HM,2020-05-18,0.011328267507976582,0.7332083272145674,0.25546410259664926,21.0,2020.0,4.25,95.75,91.5
HM,2020-05-25,0.008167228617050305,0.7398442146451493,0.2519822950605911,22.0,2020.0,3.14,96.86,93.72
HM,2020-06-01,0.010260949835113525,0.7359152356469071,0.25382202656875713,23.0,2020.0,3.89,96.11,92.22
HM,2020-06-08,0.011993582309894005,0.7328516091321565,0.2551627003609366,24.0,2020.0,4.49,95.51,91.02000000000001
HM,2020-06-15,0.011952135819928824,0.7338967626262632,0.25414843074635457,25.0,2020.0,4.49,95.51,91.02000000000001
HM,2020-06-22,0.018680909818691766,0.7358897927189471,0.24542926060906206,26.0,2020.0,7.07,92.93,85.86000000000001
HM,2020-06-29,0.01792566909937748,0.7666430921927584,0.21543239793460583,27.0,2020.0,7.68,92.32,84.63999999999999
HM,2020-07-06,0.008873274666232167,0.7406764687949489,0.2504436432425683,28.0,2020.0,3.42,96.58,93.16
HM,2020-07-13,0.006259430796733065,0.7311837558795115,0.2625590794741481,29.0,2020.0,2.33,97.67,95.34
HM,2020-07-20,0.007727724978375692,0.7344829776011378,0.25778453462220374,30.0,2020.0,2.91,97.09,94.18
HM,2020-07-27,0.009055699206360974,0.7372853902977047,0.2536596026174887,31.0,2020.0,3.45,96.55,93.1
HM,2020-08-03,0.011173945384010278,0.7300506131063862,0.2587782196245312,32.0,2020.0,4.14,95.86,91.72
HM,2020-08-10,0.007181909779759241,0.7299732841225433,0.2628388793735596,33.0,2020.0,2.66,97.34,94.68
HM,2020-08-17,0.009783179102424962,0.7307841073101345,0.2594316443097035,34.0,2020.0,3.63,96.37,92.74000000000001
HM,2020-08-24,0.0101392948069777,0.7385172112067184,0.25133392067163546,35.0,2020.0,3.88,96.12,92.24000000000001
HM,2020-08-31,0.008182481135150525,0.7391733917008804,0.2526416145460188,36.0,2020.0,3.14,96.86,93.72
HM,2020-09-07,0.007064325362331437,0.7397093016085717,0.25323014204549776,37.0,2020.0,2.71,97.29,94.58000000000001
HM,2020-09-14,0.010632529892712364,0.7428515463495841,0.24651432832649478,38.0,2020.0,4.13,95.87,91.74000000000001
HM,2020-09-21,0.00777514199764843,0.7334053764062238,0.2588213781579484,39.0,2020.0,2.92,97.08,94.16
HM,2020-09-28,0.009213255888412515,0.7377188933611484,0.25307197858339053,40.0,2020.0,3.51,96.49,92.97999999999999
HM,2020-10-05,0.0100193394310976,0.7417384754355766,0.2482349078007294,41.0,2020.0,3.88,96.12,92.24000000000001
HM,2020-10-12,0.009666781058155466,0.7472086873184544,0.24312802270301764,42.0,2020.0,3.82,96.18,92.36000000000001
HM,2020-10-19,0.007813027019803343,0.738372999295471,0.25381275762652583,43.0,2020.0,2.99,97.01,94.02000000000001
HM,2020-10-26,0.01020487861938323,0.7265753786757914,0.2632209084139848,44.0,2020.0,3.73,96.27,92.53999999999999
Nike,2019-07-01,0.05089059062877798,0.8207847138542628,0.12832634966048792,27.0,2019.0,28.4,71.6,43.199999999999996
Nike,2019-07-08,0.023302518370917603,0.8202646667292564,0.1564336651585357,28.0,2019.0,12.96,87.04,74.08000000000001
Nike,2019-07-15,0.01933074821147146,0.8284094372335404,0.15226404622967665,29.0,2019.0,11.27,88.73,77.46000000000001
Nike,2019-07-22,0.019205667414631387,0.831792138457408,0.14900168924001367,30.0,2019.0,11.42,88.58,77.16
Nike,2019-07-29,0.015622826151554718,0.8162287205518017,0.16814584047120368,31.0,2019.0,8.5,91.5,83.0
Nike,2019-08-05,0.016323428687528715,0.8229565821352357,0.16071830042730456,32.0,2019.0,9.22,90.78,81.56
Nike,2019-08-12,0.01623055480395947,0.8225223039469226,0.1612468620005667,33.0,2019.0,9.15,90.85,81.69999999999999
Nike,2019-08-19,0.01603605440136921,0.8292595638965523,0.15470792467316913,34.0,2019.0,9.39,90.61,81.22
Nike,2019-08-26,0.020222324713348692,0.836791091678316,0.1429821414210133,35.0,2019.0,12.39,87.61,75.22
Nike,2019-09-02,0.015574698706443266,0.8270642764879377,0.1573612264671976,36.0,2019.0,9.01,90.99,81.97999999999999
Nike,2019-09-09,0.01805341886250103,0.8250177538801508,0.15692737682910335,37.0,2019.0,10.32,89.68,79.36000000000001
Nike,2019-09-16,0.016391465115372608,0.8271066889424661,0.15650303948904082,38.0,2019.0,9.48,90.52,81.03999999999999
Nike,2019-09-23,0.015077496154853329,0.8289158057266535,0.15600446272263485,39.0,2019.0,8.81,91.19,82.38
Nike,2019-09-30,0.017008276874404253,0.8289431338937456,0.15404817366664642,40.0,2019.0,9.94,90.06,80.12
Nike,2019-10-07,0.023535574558745352,0.8433672693341239,0.13309844835074058,41.0,2019.0,15.03,84.97,69.94
Nike,2019-10-14,0.023199265886352072,0.8444117551758052,0.13238902581528086,42.0,2019.0,14.91,85.09,70.18
Nike,2019-10-21,0.023788734726714996,0.8389731404098547,0.13723627151401127,43.0,2019.0,14.77,85.23,70.46000000000001
Nike,2019-10-28,0.018494539433485228,0.8152548418930046,0.16624518696130602,44.0,2019.0,10.01,89.99,79.97999999999999
Nike,2019-11-04,0.023359501513220676,0.8531319690179956,0.12351550896183563,45.0,2019.0,15.9,84.1,68.19999999999999
Nike,2019-11-11,0.030303876939259938,0.880906149040373,0.08878883872868716,46.0,2019.0,25.45,74.55,49.099999999999994
Nike,2019-11-18,0.025867975620852756,0.8867811168224478,0.08734988777718497,47.0,2019.0,22.85,77.15,54.300000000000004
Nike,2019-11-25,0.026459434553408167,0.8897870809301127,0.08374637653362785,48.0,2019.0,24.01,75.99,51.97999999999999
Nike,2019-12-02,0.0257963328376912,0.8886470235557999,0.08555850288124411,49.0,2019.0,23.17,76.83,53.66
Nike,2019-12-09,0.02827758146200018,0.8810147258652596,0.09070231457991182,50.0,2019.0,23.77,76.23,52.46000000000001
Nike,2019-12-16,0.02753648682265835,0.8817209150380142,0.09074345065176904,51.0,2019.0,23.28,76.72,53.44
Nike,2019-12-23,0.027227674362190108,0.8800836985164572,0.09268490900785524,52.0,2019.0,22.71,77.29,54.580000000000005
Nike,2019-12-30,0.03271936341971339,0.8790331060480182,0.08824927542418817,1.0,2019.7142857142858,27.05,72.95,45.900000000000006
Nike,2020-01-06,0.028517413811255325,0.8884511245813461,0.08302819582493602,2.0,2020.0,25.57,74.43,48.86000000000001
Nike,2020-01-13,0.024248738552930877,0.8895194092453681,0.08623476293060621,3.0,2020.0,21.95,78.05,56.099999999999994
Nike,2020-01-20,0.02264238158197775,0.8535741901000836,0.12377678125015,4.0,2020.0,15.46,84.54,69.08000000000001
Nike,2020-01-27,0.018369503670675014,0.823555257687489,0.15807555035599793,5.0,2020.0,10.41,89.59,79.18
Nike,2020-02-03,0.01867517203800828,0.8246095233671076,0.15671301104134305,6.0,2020.0,10.65,89.35,78.69999999999999
Nike,2020-02-10,0.02150216477866994,0.8173424792660692,0.1611533671226137,7.0,2020.0,11.77,88.23,76.46000000000001
Nike,2020-02-17,0.016337259939491124,0.8181621380419839,0.16550209730099555,8.0,2020.0,8.98,91.02,82.03999999999999
Nike,2020-02-24,0.017228258681342517,0.8162340345067381,0.16653431022928236,9.0,2020.0,9.38,90.62,81.24000000000001
Nike,2020-03-02,0.01702336416905032,0.8199310859238381,0.16304272604356185,10.0,2020.0,9.45,90.55,81.1
Nike,2020-03-09,0.016208996724230627,0.8237542696231823,0.1600358715261521,11.0,2020.0,9.2,90.8,81.6
Nike,2020-03-16,0.016718910271146466,0.8179306687511542,0.1653541209614331,12.0,2020.0,9.18,90.82,81.63999999999999
Nike,2020-03-23,0.015393387022436795,0.8161852481951303,0.16842201334056042,13.0,2020.0,8.37,91.63,83.25999999999999
Nike,2020-03-30,0.017004558363429328,0.8333544850529877,0.14963958418295534,14.0,2020.0,10.2,89.8,79.6
Nike,2020-04-06,0.015499121112964443,0.8234791821030408,0.16102263880828221,15.0,2020.0,8.78,91.22,82.44
Nike,2020-04-13,0.016781120279068997,0.8178206490307198,0.1653914486712023,16.0,2020.0,9.21,90.79,81.58000000000001
Nike,2020-04-20,0.017852799236402397,0.8194517935324784,0.16269627644783763,17.0,2020.0,9.89,90.11,80.22
Nike,2020-04-27,0.016637719227129515,0.8255603711204177,0.15780040148660227,18.0,2020.0,9.54,90.46,80.91999999999999
Nike,2020-05-04,0.01803258790073673,0.8263964292295991,0.1555700893202718,19.0,2020.0,10.39,89.61,79.22
Nike,2020-05-11,0.020797054618377657,0.8247916881437606,0.15440765512598528,20.0,2020.0,11.87,88.13,76.25999999999999
Nike,2020-05-18,0.022288649089914965,0.8264686026873503,0.15123998929165539,21.0,2020.0,12.84,87.16,74.32
Nike,2020-05-25,0.025139796102818714,0.8235445378567512,0.15131510113084498,22.0,2020.0,14.25,85.75,71.5
Nike,2020-06-01,0.026025994182742436,0.8176087401663983,0.1563699830375966,23.0,2020.0,14.27,85.73,71.46000000000001
Nike,2020-06-08,0.020401777215233723,0.8247813583818315,0.1548201757641864,24.0,2020.0,11.64,88.36,76.72
Nike,2020-06-15,0.019075002005804427,0.8259680971267388,0.1549535653161569,25.0,2020.0,10.96,89.04,78.08000000000001
Nike,2020-06-22,0.021889116341543398,0.8209216974669561,0.15719008011937669,26.0,2020.0,12.22,87.78,75.56
Nike,2020-06-29,0.02805445083215415,0.8463783151146659,0.12556454567039652,27.0,2020.0,18.26,81.74,63.47999999999999
Nike,2020-07-06,0.024106859729209014,0.8215605176693529,0.15432187508784806,28.0,2020.0,13.51,86.49,72.97999999999999
Nike,2020-07-13,0.022496480557141964,0.8249804084187409,0.15251480344788843,29.0,2020.0,12.85,87.15,74.30000000000001
Nike,2020-07-20,0.02409234791685173,0.8304063970146695,0.14549932180051098,30.0,2020.0,14.21,85.79,71.58000000000001
Nike,2020-07-27,0.025660008467607822,0.8208263973168639,0.1535129916457024,31.0,2020.0,14.32,85.68,71.36000000000001
Nike,2020-08-03,0.021379062402419574,0.8314002985543871,0.14721984664593996,32.0,2020.0,12.68,87.32,74.63999999999999
Nike,2020-08-10,0.019876632990042557,0.8346510529709886,0.14546956535059596,33.0,2020.0,12.02,87.98,75.96000000000001
Nike,2020-08-17,0.021877222642276817,0.8159961466217293,0.16212617689999018,34.0,2020.0,11.89,88.11,76.22
Nike,2020-08-24,0.021881705522170353,0.8273473368928993,0.15077021124422857,35.0,2020.0,12.67,87.33,74.66
Nike,2020-08-31,0.019939141010493606,0.8350486112454557,0.14500962691693786,36.0,2020.0,12.09,87.91,75.82
Nike,2020-09-07,0.01950946679985895,0.8324715407595829,0.14801834125276117,37.0,2020.0,11.65,88.35,76.69999999999999
Nike,2020-09-14,0.01668536572135887,0.8250248420938501,0.15829310482340567,38.0,2020.0,9.54,90.46,80.91999999999999
Nike,2020-09-21,0.016364539131502563,0.8256862542804397,0.15795115185055672,39.0,2020.0,9.39,90.61,81.22
Nike,2020-09-28,0.014446381329026396,0.817921524362981,0.16762883830318182,40.0,2020.0,7.93,92.07,84.13999999999999
Nike,2020-10-05,0.017553034169373045,0.8132750749905887,0.16917469711535812,41.0,2020.0,9.4,90.6,81.19999999999999
Nike,2020-10-12,0.02005009825674676,0.8216493987846148,0.15829920413631007,42.0,2020.0,11.24,88.76,77.52000000000001
Nike,2020-10-19,0.018648616279516028,0.819018981615033,0.1623325903785912,43.0,2020.0,10.3,89.7,79.4
Nike,2020-10-26,0.017785856704573534,0.8246703931460347,0.15754205782140748,44.0,2020.0,10.14,89.86,79.72
Starbucks,2019-07-01,0.049165657723219194,0.8210239638878845,0.12980807101013625,27.0,2019.0,27.47,72.53,45.06
Starbucks,2019-07-08,0.041065587261726544,0.8254961534079026,0.1334328781860638,28.0,2019.0,23.53,76.47,52.94
Starbucks,2019-07-15,0.027013115316183438,0.8284358556694116,0.14455070619680763,29.0,2019.0,15.75,84.25,68.5
Starbucks,2019-07-22,0.026282674780650352,0.8403062850077277,0.13342168284419534,30.0,2019.0,16.46,83.54,67.08000000000001
Starbucks,2019-07-29,0.02794284446623218,0.8305459388642115,0.14151492825509748,31.0,2019.0,16.49,83.51,67.02000000000001
Starbucks,2019-08-05,0.034054223231979805,0.8350005407241913,0.1309414235427837,32.0,2019.0,20.64,79.36,58.72
Starbucks,2019-08-12,0.029909697232463374,0.8270086597367101,0.143079191299531,33.0,2019.0,17.29,82.71,65.41999999999999
Starbucks,2019-08-19,0.03071039828409292,0.8480057381873781,0.12128259320766344,34.0,2019.0,20.21,79.79,59.580000000000005
Starbucks,2019-08-26,0.03329945849734163,0.8402417886513783,0.12645936276610767,35.0,2019.0,20.84,79.16,58.31999999999999
Starbucks,2019-09-02,0.030541622254009266,0.8400575427792735,0.1293965980158026,36.0,2019.0,19.1,80.9,61.800000000000004
Starbucks,2019-09-09,0.0266343389163084,0.8344428171614503,0.13892188116500545,37.0,2019.0,16.09,83.91,67.82
Starbucks,2019-09-16,0.026700161951810974,0.8297823327076944,0.14351646563979711,38.0,2019.0,15.69,84.31,68.62
Starbucks,2019-09-23,0.03177103755290102,0.8313440114060457,0.13687797682589428,39.0,2019.0,18.84,81.16,62.31999999999999
Starbucks,2019-09-30,0.03316350748224262,0.8369947061387916,0.12983771397599572,40.0,2019.0,20.35,79.65,59.300000000000004
Starbucks,2019-10-07,0.03814233300052737,0.8142893614537355,0.14757392171291098,41.0,2019.0,20.54,79.46,58.919999999999995
Starbucks,2019-10-14,0.026999600601525463,0.801145160593353,0.17183981988406716,42.0,2019.0,13.58,86.42,72.84
Starbucks,2019-10-21,0.028386524856393175,0.8056858291962333,0.1659224317412524,43.0,2019.0,14.61,85.39,70.78
Starbucks,2019-10-28,0.027232496098436153,0.8081554786750991,0.16461287867621532,44.0,2019.0,14.2,85.8,71.6
Starbucks,2019-11-04,0.025874376825545848,0.809190980913128,0.16493516926105656,45.0,2019.0,13.56,86.44,72.88
Starbucks,2019-11-11,0.02572195588077816,0.833703648097529,0.14057683967834858,46.0,2019.0,15.47,84.53,69.06
Starbucks,2019-11-18,0.0320011054703014,0.8249791339408354,0.14300335563359945,47.0,2019.0,18.29,81.71,63.419999999999995
Starbucks,2019-11-25,0.046209323168142205,0.8167305802749861,0.13706158112441905,48.0,2019.0,25.21,74.79,49.580000000000005
Starbucks,2019-12-02,0.03410208577318058,0.8312688359812247,0.13463563242643342,49.0,2019.0,20.21,79.79,59.580000000000005
Starbucks,2019-12-09,0.03777772607741451,0.8177156922833405,0.14450484189809787,50.0,2019.0,20.72,79.28,58.56
Starbucks,2019-12-16,0.03314825686400014,0.8150688933692679,0.15178279449393808,51.0,2019.0,17.92,82.08,64.16
Starbucks,2019-12-23,0.024832351789638957,0.795436726050414,0.17972978826973,52.0,2019.0,12.14,87.86,75.72
Starbucks,2019-12-30,0.030706620138936384,0.8023424158516969,0.16694820399189397,1.0,2019.7142857142858,15.54,84.46,68.91999999999999
Starbucks,2020-01-06,0.024723815161580932,0.834832162734469,0.14044259149562682,2.0,2020.0,14.97,85.03,70.06
Starbucks,2020-01-13,0.02895708372201728,0.8454218227434617,0.1256213237946669,3.0,2020.0,18.73,81.27,62.53999999999999
Starbucks,2020-01-20,0.02662989051754775,0.832199059324207,0.14116538098215708,4.0,2020.0,15.87,84.13,68.25999999999999
Starbucks,2020-01-27,0.030127140226996106,0.8267021328657748,0.143174079022537,5.0,2020.0,17.38,82.62,65.24000000000001
Starbucks,2020-02-03,0.03193442801287417,0.8094298593838467,0.15862704290362992,6.0,2020.0,16.76,83.24,66.47999999999999
Starbucks,2020-02-10,0.025602125859801685,0.8009087519841344,0.1734885268983775,7.0,2020.0,12.86,87.14,74.28
Starbucks,2020-02-17,0.026143526408016475,0.821407577820847,0.1524543214349317,8.0,2020.0,14.64,85.36,70.72
Starbucks,2020-02-24,0.03680439170188802,0.8129083603006518,0.15029074915993568,9.0,2020.0,19.67,80.33,60.66
Starbucks,2020-03-02,0.03595354874594806,0.826200812698127,0.13784514199483147,10.0,2020.0,20.69,79.31,58.620000000000005
Starbucks,2020-03-09,0.04025094246884194,0.8384182243983008,0.12132132616190809,11.0,2020.0,24.91,75.09,50.18000000000001
Starbucks,2020-03-16,0.04961529747757084,0.8456360675823539,0.10475170952117509,12.0,2020.0,32.14,67.86,35.72
Starbucks,2020-03-23,0.041087231817924875,0.8295692047068994,0.12934370852112378,13.0,2020.0,24.11,75.89,51.78
Starbucks,2020-03-30,0.045341087440816205,0.8275145268308559,0.12715012370223017,14.0,2020.0,26.29,73.71,47.419999999999995
Starbucks,2020-04-06,0.03727442718834684,0.8351847954552568,0.12753290943099174,15.0,2020.0,22.62,77.38,54.75999999999999
Starbucks,2020-04-13,0.03154782693359697,0.8319237102889642,0.1365342436610719,16.0,2020.0,18.77,81.23,62.46000000000001
Starbucks,2020-04-20,0.024740073033091163,0.8415468464769099,0.13372010015238162,17.0,2020.0,15.61,84.39,68.78
Starbucks,2020-04-27,0.029955904266190714,0.8390726376405225,0.1309738483524971,18.0,2020.0,18.61,81.39,62.78
Starbucks,2020-05-04,0.025301768889056303,0.8318546611259875,0.14283828268990925,19.0,2020.0,15.05,84.95,69.9
Starbucks,2020-05-11,0.032539551817073006,0.8342492575672684,0.13321958567335274,20.0,2020.0,19.63,80.37,60.74000000000001
Starbucks,2020-05-18,0.0268687726286455,0.830831147894983,0.14229439179730635,21.0,2020.0,15.88,84.12,68.24000000000001
Starbucks,2020-05-25,0.031088419858828632,0.8241490158578157,0.14475962928268624,22.0,2020.0,17.68,82.32,64.63999999999999
Starbucks,2020-06-01,0.0350053750135675,0.8212237270448653,0.1437657751296004,23.0,2020.0,19.58,80.42,60.84
Starbucks,2020-06-08,0.054428321670661535,0.8276872686994602,0.11788614969603772,24.0,2020.0,31.59,68.41,36.81999999999999
Starbucks,2020-06-15,0.03286173689476133,0.8266286055473273,0.1405132535568053,25.0,2020.0,18.95,81.05,62.099999999999994
Starbucks,2020-06-22,0.04465916696860003,0.8376974301337431,0.1176364834757743,26.0,2020.0,27.52,72.48,44.96000000000001
Starbucks,2020-06-29,0.04080290341275633,0.8273979072475195,0.13180276251473783,27.0,2020.0,23.64,76.36,52.72
Starbucks,2020-07-06,0.04429396741154607,0.8312558411975376,0.12445620875925936,28.0,2020.0,26.25,73.75,47.5
Starbucks,2020-07-13,0.02976436691485554,0.831211797423801,0.13902030637903048,29.0,2020.0,17.63,82.37,64.74000000000001
Starbucks,2020-07-20,0.03441118266574044,0.8248524581795291,0.14072867263791594,30.0,2020.0,19.65,80.35,60.699999999999996
Starbucks,2020-07-27,0.027220159992072137,0.8334607883761604,0.13932190435991113,31.0,2020.0,16.34,83.66,67.32
Starbucks,2020-08-03,0.030516105711195566,0.8392591655692858,0.13022408850505332,32.0,2020.0,18.98,81.02,62.03999999999999
Starbucks,2020-08-10,0.02952307656505903,0.8450174136868613,0.12545690912555144,33.0,2020.0,19.05,80.95,61.900000000000006
Starbucks,2020-08-17,0.028081159447936165,0.843825563540564,0.12809444664548048,34.0,2020.0,17.98,82.02,64.03999999999999
Starbucks,2020-08-24,0.030668347928365924,0.84253324314954,0.12679592811066012,35.0,2020.0,19.48,80.52,61.03999999999999
Starbucks,2020-08-31,0.03355222771423698,0.8375218303945454,0.12893142813177597,36.0,2020.0,20.65,79.35,58.699999999999996
Starbucks,2020-09-07,0.03533544415758318,0.8382664577704843,0.12640718490513284,37.0,2020.0,21.85,78.15,56.300000000000004
Starbucks,2020-09-14,0.02818918159462813,0.8350074762304504,0.13680028098601452,38.0,2020.0,17.09,82.91,65.82
Starbucks,2020-09-21,0.033188116537439645,0.8266315478644357,0.14018149160697088,39.0,2020.0,19.14,80.86,61.72
Starbucks,2020-09-28,0.03271134525411112,0.820655002575395,0.1466324527845073,40.0,2020.0,18.24,81.76,63.52000000000001
Starbucks,2020-10-05,0.03366998990888962,0.8176430583564713,0.14869367944123346,41.0,2020.0,18.46,81.54,63.080000000000005
Starbucks,2020-10-12,0.030639181026351613,0.8290370082728965,0.14033007167353267,42.0,2020.0,17.92,82.08,64.16
Starbucks,2020-10-19,0.033760215295613204,0.8297098414848362,0.1365490170053212,43.0,2020.0,19.82,80.18,60.36000000000001
Starbucks,2020-10-26,0.02284265429616943,0.8465831517569911,0.1305764442617232,44.0,2020.0,14.89,85.11,70.22
